the_geom,horaires,insee,cp,accpgnmt_collectif,accpgnmnt_rdv,accpgnmt_fildeleau,acces_libre_matos,wifi,cartodb_id,mail,site_web,tel,adresse,commune,id,lon,lat
0101000020E61000004628B682A6A51740D2E0B6B6F0D84640,"du lundi au vendredi, de 8h à 12h et de 13h à 17h",73008,73100,oui,,oui,oui,non,3,,,04 79 61 30 68,7 avenue d'Annecy,Aix les bains,ARQA,5.911768,45.694846
0101000020E610000019C748F608351940DA71C3EFA6C54640,Lundi de 10h à 12h et de 14h à 17h Mardi de 9h à 12h Mercredi de 9h à 12h et de 14h à 17h Jeudi de 9h à 12h et de 14h à 17h Vendredi de 9h à 12h,73002,73220,,,,,,1,al.chataux@aacaiguebelle.com,,04 79 36 37 27,"Parc Rochette
Allée du Château",Aiguebelle,AACA,6.301792,45.544157
0101000020E6100000161747E5269A1A40E89FE06245C74640,"Mardi de 9h à 12h et de 13h30 à 17h, mercredi de 10h à 12h et de 13h30 à 20h, jeudi 9h à 12h et de 12h30 à 17h, vendredi de 9h à 12h à 13h30 à 20h, samedi 9h30 à 12h30.",73006,73210,,,,,,2,jeunesse.pij@eac-aime.com,http://eac-aime.com,04 79 09 63 24,94 grande rue - Pôle social le Clos St Martin,Aime-la-Plagne,Espace associatif d’Aime,6.650539,45.556805
0101000020E610000072DC291DAC9F1740AF97A60870D84640,,73008,73100,oui,,oui,non,,4,,,06 79 50 30 51,14 avenue de la Liberté,Aix les bains,Foyer d'animation du quatier de la Liberté,5.90593,45.690919
0101000020E6100000A1F5F065A2A817401A6CEA3C2AD84640,,73008,73100,oui,,,non,oui,5,,,,,Aix les bains,Mieux vivre à Marlioz,5.914682,45.688789
0101000020E6100000FA279B128BA71740B857E6ADBAD84640,,73008,73100,,,,,,6,epnmaj@gmail.com,,04 79 88 59 36,4 rue Vaugelas,Aix les bains,Espace Public Numérique d’Aix les bains,5.9136164576721,45.693197
0101000020E6100000C8B1F50CE1C81740950D6B2A8BE44640,Le lundi : 8h30 à 12h30 mardi : de 8h30 à 12h30 mercredi : 8h30 à 17H00 le jeudi de 8h30 à 17H00 Le vendredi de  8h30 à 17H00,73010,73410,oui,,oui,oui,oui,7,relais.albanais@grand-lac.fr,,04 79 63 89 46,"60 Rue J.Michaud,",Entrelacs,Msap de l'Albanais,5.946171,45.785497
0101000020E6100000E77118CC5F911940DCD6169E97D64640,Ateliers SOS mardi 18h-18h45 et jeudi 10h-11h et 11h-12h,73011,73200,oui,,non,oui,oui,8,,,04 73 10 44 70,"135 place de l'Europe,",Albertville,Médiathèque Albertville,6.391967,45.676502
0101000020E6100000A558B286328C1940C8755B3B34D64640,"Libre accès : Lundi au jeudi 8h30-12h et 13h30-17h30 (fermé le mardi matin), vendredi fermeture à 16h30.
Ateliers : mardi 17h30-19h à la Villa Aubry et jeudi 17h30-19h à la Maison du quartier Champ de Mars",73011,73200,oui,,,oui,oui,9,cyber-base@albertville.fr,,04 79 89 26 30,2 rue Aubry,Albertville,Centre socio-culturel d'Albertville,6.386911492,45.67346899
0101000020E6100000D4997B48F88E19405227A089B0D54640,,73011,73200,,,,,,10,,,04 79 31 19 19,45 avenue Jean Jaurés,Albertville,Mission locale jeune / PIJ Albertville,6.389619,45.66945
0101000020E610000058703FE081811940BB5F05F86ED54640,Ateliers gratuit pour les résidents,73011,73200,oui,,,non,non,11,,,04 79 32 23 69,221 chemin des Trois Poiries,Albertville,"Résidence autonomie ""Les 4 vallées""",6.376472,45.667449
0101000020E6100000132BA391CF4B1A40C5C72764E7DB4640,lundi au vendredi 8h30 - 12h00     14h00 – 17h30,73034,73270,,,,,,12,,,04 79 38 33 90,Rue du confluent,Beaufort,Association d’Animation du Beaufortain,6.574034,45.717999
0101000020E6100000EB573A1F9E951A40AA8251499DB84640,LUNDI :9h-12h 14h30 -16h30 mardi:9h -12h 14h30-16h30 mercredi:9h-12h 14h30-16h30 jeudi:9h -12h 14h30-16h30 vendredi:9h-12h 14h30-16h30 samedi :9h -12h,73055,73350,,,,,,13,msap.bozel@laposte.fr,,,Rue Emile Machet,Bozel,Msap Poste de Bozel,6.646111,45.4423
0101000020E61000005DF92CCF839B174077DA1A118CC74640,du lundi au vendredi de 14h00 à 18h00 / un samedi tous les 15 jours de 14h à 18h00,73065,73000,oui,oui,oui,non,non,14,cafebiollay@gmail.com,,04 79 68 83 10,454 rue de Salins,Chambéry,Café Biollay,5.90187,45.558962
0101000020E61000004DBF44BC75AE174049111956F1C84640,du lundi au vendredi de 9h00 à 18h00,73065,73000,,,oui,non,oui,15,bonjour@lemug-coworking.fr,www.lemug-coworking.fr,04 79 28 68 62,129 rue sommeiller,Chambéry,Le Mug,5.920371,45.569865
0101000020E6100000A0FB7266BBB217406DE34F5436C84640,"les mardis et vendredis de 12h00 à 19h00 / les mercredis, jeudis et samedis de 10h00 à 18h00
",73065,73000,oui,,oui,oui,oui,16,v.lemoine@mairie-chambery.fr,www.bm-chambery.fr,04 79 60 04 04,Carré Curial BP 40208,Chambéry,Médiathèque Jean-Jacques Rousseau,5.924543,45.564158
0101000020E6100000F3F85822996719409BA9B5D5D1A24640,,73248,73300,,,,,,48,espacejeunes@3cma73.com,http://www.espacejeunes-cccm.com/,04 79 59 94 95,383 Avenue du Mont Cenis,Saint Jean de Maurienne,Espace Jeunes,6.351170098,45.27202865
0101000020E610000012A27C410BA91740A9BD88B663CC4640,les mardis et vendredis de 15h00 à 19h00 / les mercredis et samedis de 10h00 à 12h30  et de 14h00 à 18h00,73065,73000,oui,,oui,non,non,17,a.portigliatti@mairie-chambery.fr,www.bm-chambery.fr,,401 rue du pré de l'âne,Chambéry,Bibliothèque G. Brassens,5.915082,45.596793
0101000020E6100000D13C80457EAD1740338B506C05C94640,les lundis de 13h00 à 17h00 / du mardi au vendredi de 8h30 à 12h30 et de 13h00 à 17h00,73065,73000,oui,oui,oui,oui,non,18,jeanbernardcallejon@mlchambery.org,www.teamchambe.fr,04 79 62 66 87,"79, place de la gare",Chambéry,Savoie Information Jeunesse  (SIJ),5.919427,45.570478
0101000020E6100000DF3312A111BC1740EDBB22F8DFC84640,les lundis de 14h00 à 18h00 / du mardi au vendredi de 8h30 à 12h30 et de 14h00 à 18h00,73065,73000,"Ateliers ""Le numérique pour tous"" pour les publics Mission Locale, Garantie Jeunes, Amplitude (avec la participation d'Orange Solidarité)",oui,oui,oui,non,19,informatique@mlchambery.org,www.mlchambery.org,04 79 33 50 84,72 rue Paulette Besson,Chambéry,Mission Locale Jeunes du Bassin Chambérien (MLJ),5.933661,45.569335
0101000020E61000006682E15CC39C1740A48D23D6E2C74640,du lundi au vendredi de 9h00 à 12h00 et de 14h00 à 18h00 (sauf mardi matin),73065,73000,oui,oui,oui,oui,,20,csab73.fanny@gmail.com,csab73.fr,04 79 96 26 77,119 Place René Vair,Chambéry,Centre Social et d'Animation du Biollay,5.903089,45.56161
0101000020E61000006B9A779CA2B317403A5AD5928EC84640,les lundis de 9h00 à 12h00 et de 13h00 à 15h00 / les mercredis de 9h00 à 12h00 et de 13h00 à 17h00 (ouvert pendant les vacances scolaires),73065,73000,oui,oui,"prêt possible lors des animations, uniquement sur inscription préalable",oui,oui,21,association@polymatheia.org,www.polymatheia.org,07 81 23 27 28,"67, rue St-François-de-Sales",Chambéry,Polymatheia,5.925425,45.566851
0101000020E61000006B9A779CA2B317403A5AD5928EC84640,les 1er et 3ème jeudi du mois à partir de 20h00 (hors vacances scolaires),73065,73000,oui,oui,,oui,oui,22,secretaire@alpinux.org,www.alpinux.org,,"67, rue Saint-François-de-Sales",Chambéry,Alpinux,5.925425,45.566851
0101000020E61000006286C613418C18404F401361C3D74640,du lundi au vendredi de 9h à 12h et de 14h à 17h30 (fermé le mardi matin),73081,73630,oui,,oui,oui,oui,23,info@amisdesbauges.org,,04 79 54 87 64,Rue du Capitaine de Courson,Le Chatelard,Les Amis des Bauges,6.136967,45.68565
0101000020E6100000BF654E97C564174024ED461FF3E74640,"du lundi au vendredi de 9h à 12h et les mardi, jeudi et vendredi après-midi de 14h à 18h",73085,73310,non,,oui,oui,oui,24,,www.alcc73.fr,04 79 54 52 54,Chemin des Choitres,Chindrieux,ALCC,5.84841,45.812107
0101000020E6100000D80DDB166596174092054CE0D6C74640,"les mardis de 10h00 à 12h00 et de 16h00 à 19h00 / les mercredis * de 10h00 à 12h00 et de 13h00 à 18h00 / les jeudis de 10h00 à 12h00 et de 16h00 à 18h00 /
les vendredis de 10h00 à 12h00 et de 16h00 à 19h00 / les samedis* de 10h00 à 13h00 et de 14h00 à 16h",73087,73160,,présence des médiathécaires,"6 postes (accès logiciels installés, impressions payantes, scanner), 1 poste dédié à l’écoute de musique en ligne, 1 poste d’accès e-médias de la bibliothèque numérique de Savoie Biblio, 1 tablette tactile en accès sur place, 4 liseuses (en prêt)",oui,oui,25,lamediatheque@cognin.fr,http://www.mediatheque-cognin.fr,04 79 96 33 83,"Centre Commercial de l'Épine
5 rue de l'épine
",Cognin,Médiathèque,5.89687,45.561245
0101000020E6100000D80DDB166596174092054CE0D6C74640,"les mardis de 9h00 à 12h00 et de 14h00 à 19h00 / les mercredis de 11h00 à 12h00 / les jeudis de 13h30-17h30/
les samedis de 10h00 à 12h00 (fermé au public pendant les vacances scolaires)",73087,73160,oui,dans le cadre des temps questions-réponses (mardi de 14h00 à 15h00 et les samedis de 11h00 à 12h00),"11 postes (dont un Mac), 3 tablettes, scanner impressions payantes",oui,oui,26,atelier.numerique@cognin.fr,http://www.mediatheque-cognin.fr,04 79 69 61 18,"Centre Commercial de l'Épine
5 rue de l'épine
",Cognin,Atelier Numérique,5.89687,45.561245
0101000020E61000002864E76D6C961740FDF50A0BEEC74640,les mercredis et vendredis de 14h00 à 18h00 (fermé pendant les vacances scolaires),73087,73160,,"accès accompagné pour diverses usages (loisirs, orientation, recherche de stage ou emploi etc.)",oui,oui,non,27,servicejeunesse@cognin.fr,,06 89 59 98 91 / 04 79 72 74 99,"8 Rue de l'Épine,",Cognin,Service Jeunesse Ville de Cognin,5.896898,45.561952
0101000020E61000003A75E5B33C0F1A401FD61BB5C2E84640,"du lundi au vendredi de 9h à 12h et de 14h à 18h
Fermé au public le jeudi matin",73114,73590,,,,,,28,vivreenvaldarly@gmail.com,http://vivre-en-valdarly.fr/,04 79 31 80 04,147 rue du Mont-Blanc,Flumet,Association Vivre en Val d’Arly - Msap,6.51488,45.818442
0101000020E6100000BFB9BF7ADC671940A9DC442DCDD54640,Mardi 10h-13h et 16h-18h30 Mercredi 16h-18h30 Vendredi 16h-18h30,73124,73200,oui,,,oui,,29,bibliotheque.municipale@gilly.fr,https://bmgilly.wordpress.com,04 79 38 01 53,168 rue de la Bévière,Gilly sur Isère,Bibliothèque Gilly sur Isère,6.351427,45.670324
0101000020E61000006B7EFCA5457D194019709692E5D24640,"Mercredi de 14h à 18h
Jeudi de 16h à 18h
Samedi de 14h à 16h",73130,73200,non,,,oui,,30,,,04 79 37 44 96,1580 CD 925,Grignon,Bibliothèque Grignon,6.372336,45.647631
0101000020E610000021ACC612D6A61740BC77D49810C74640,les mardis et vendredis de 15h30 à 18h30 et les mercredis de 10h00 à 12h00 et de 14h30 à 18h30 / le samedi de 9h30 à 12h30,73137,73000,,,oui,oui,oui,31,mediathequejacob@orange.fr,,04 79 69 87 37,Place Livio Benedetti / Rue de la Mairie,Jacob-Bellecombette,Médiathèque Jean-Louis Favre,5.912926,45.555194
0101000020E610000036C8242367811B40D0285DFA97A44640,,73143,73480,,,,,,32,espace-multimedia-valcenis@wanadoo.fr,http://www.lanslebourg-montcenis.fr/page_a_partir_menu/espace_multimedia.htm, 04 79 05 53 16,1 rue de la Chaïne,Val Cenis,Espace Public Multimédia Lanslebourg Val Cenis,6.87637,45.285888
0101000020E6100000113AE8120E6D1840B5519D0E64DB4640,LUNDI: 9h - 12h / 14h - 17h MARDI: 9h - 12h / 14h - 17h MERCREDI: 9h - 12h / 14h - 17h JEUDI : 9h - 12h / 14h - 17h VENDREDI : 9h - 12h / 14h - 17h SAMEDI : 9h - 12h,73146,73340,,,,,,33,,,,Le pont,Lescheraines,Msap Poste de Lescheraines,6.106499,45.713991
0101000020E6100000149337C0CCC71A40CC7F48BF7DC34640,Lundi 9H-12H / 14H-18H Mardi9H-12H/14H-18H Mercredi 9H-12H30/14H-17H(après-midi sur RDV) Jeudi 9H-12H/14H-17H30 Vendredi 9H-12H,73150,73210,,,,,,34,saisonniers-sigp@la-plagne.com,,04 79 09 20 85,Salle Omnisport – Plagne centre,La Plagne-Tarentaise,Espace saisonnier – Msap,6.695117,45.527275
0101000020E6100000BB421F2C63A31A403FC571E0D5984640,Lundi  : 8h30 à 12h00 et de 13h30 à 18h00 Mardi : 8h30 à 12h00 et de 13h30 à 18h00 Mercredi : 8h30 à 12h00 et de 13h30 à 18h00 Jeudi : 8h30 à 12h00 et de 13h30 à 18h00,73157,73500,,,,,,35,info@cchmv.fr,http://www.cchautemaurienne.com/msap-maison-cantonale-antenne-valcenis,04 79 05 26 67,9 place Sommeiller,Modane,Msap – Maison Cantonale,6.659558,45.194027
0101000020E610000012FA997ADD82174041118B1876CC4640,"les mardis de 9h00 à 12h00, les mercredis de 9h00 à 18h00, les jeudis de 13h00-17h00, les Vendredis de 15h00 à 19h00, les samedis de 9h00 à 13h00",73179,73290,ponctuel dans le cadre d'animations,ponctuel dans le cadre d'animations,"2 postes, 4 tablettes, impressions payantes",oui,oui,36,bibliotheque@mairie-lamotteservolex.fr,lebouquetdesbibliotheques.fr,04 79 25 60 93,30 rue François Buloz,La Motte-Servolex,Bibliothèque des deux mondes,5.877798,45.597354
0101000020E61000005C1FD61BB5221A4004CAA65CE1BD4640,Lundi : 14h - 17h Mardi : 9h - 12h / 14h - 17h Mercredi : 14h - 17h Jeudi : 9h - 12h / 14h - 17h Vendredi : 9h - 12h / 14h - 17h,73181,73600,,,,,,37,maisondesservices@moutiers.org,https://www.aacm-moutiers.fr/maison-de-services-au-public/,04 79 00 08 35,70 rue du Pain de Mai,Moutiers,Association d’Animation du Canton de Moutiers – Msap,6.533894,45.48344
0101000020E61000008237A45181F319401EA7E8482EC34640,"Lundi au vendredi
13h30 – 17h30
Jeudi
8h – 12h / 13h30 – 17h30",73187,73260,,,,,,38,maisondesservices@lalechere.fr,http://lalechere.fr/pages/show/24,04 79 09 63 77,"Place de la gare
N.D de Briançon",La Léchère,Msap La Léchère,6.487798,45.52485
0101000020E6100000EAEBF99AE5E21A4012C0CDE2C5B04640,Du 07/11/2016 au 14/04/2017 : Ouverture du lundi au vendredi de 8 h 30 à 12 h 00 et de 14 h 30 à 16 h 30. Du 18/04/2017 au 27/10/2017 : Ouverture du lundi au vendredi de 9 h 00 à 12 h 00.,73206,73710,,,,,,39,msap.pralognan-la-vanoise@laposte.fr,,,203 Avenue de Chasseforêt,Pralognan-la-Vanoise,Msap Poste de Pralognan,6.721579,45.381039
0101000020E61000007B1684F23EDE174092AF045262C74640,"Point Relais CAF, les lundis de 14h00 à 16h00 et les mercredis de 9h00 à 11h00",73213,73000,,dans le cadre du Point Relais Caf,oui,oui,oui,40,laravoire.enfance@wanadoo.fr,www.amej.info,04 79 72 89 39,Place de l'église,La Ravoire,AMEJ,5.967037,45.557688
0101000020E6100000A983BC1E4CDA174037C1374D9FC74640,"les lundis, mardis et vendredis de 15h00 à 18h00 et les mercredis de 10h00 à 12h00 et de 14h00 à 18h00 / les samedis de 10h00 à 12h00",73213,73000,,oui,,oui,non,41,bibliothèque@laravoire.com,www.laravoire.com,04 79 71 07 47,Place de l'Hôtel de ville,La Ravoire,Bibliothèque,5.963181,45.559549
0101000020E6100000A983BC1E4CDA174037C1374D9FC74640,du lundi au vendredi de 8h15 à 11h45 et de 13h30 à 17h15 / les samedis  de 8h15 à 11h45 (hors vacances scolaires),73213,73000,,sur rdv,"scanner, impression",oui,non,42,mairie@laravoire.com,www.laravoire.com,04 79 72 52 00,Place de l'Hôtel de ville,La Ravoire,Mairie de la Ravoire,5.963181,45.559549
0101000020E6100000925CFE43FA6D184050508A56EEB94640,Lundi :09h-12h30 - 14h00-17h30 Mardi : 09h-12h30 - 14h00-17h30 Mercredi :09h-12h30 - 14h00-17h30 Jeudi : 09h-12h30 - 14h00-17h30 Vendredi : 09h-12h30 - 14h00-17h30,73215,73110,oui,,oui,oui,oui,43,cvallaise@la-rochette.com,,04.79.65.36.02 ou 04.79.65.79.25,Allée des grillons,La Rochette,Msap La Rochette Cœur de Savoie,6.1074,45.452586
0101000020E61000007347FFCBB558174038328FFCC1EC4640,,73218,73310,,,,,,44,relais.chautagne@grand-lac.fr,http://www.grand-lac.fr/maison-de-services-au-public/,04 79 63 87 45,172b rue de Jérusalem - ZA Saumont,Ruffieux,Relais Grand lac – Msap Ruffieux,5.836631,45.84967
0101000020E61000003AADDBA0F68B1A40DFA4695034B54640,,73227,73120,,,,,,45,eef@mairie-courchevel.com,http://www.mairie-courchevel.com/services-et-infos-pratiques/emploi-et-formation.html,04 79 00 01 01,"372, rue des Tovets",Courchevel,Espace Emploi Formation – Msap,6.636683,45.415659
0101000020E61000002DAF5C6F9B291940AE2B6684B7AB4640,"Lundi, Mardi, Mercredi, Jeudi, Vendredi de 9h à 12h Lundi, Mardi, Jeudi, Vendredi de 14 h à 17h. Permanence à la Mairie de la Chambre jeudi de 9h à 11h. Permanence à la Mairie de Saint Remy de Maurienne mercredi de 9h à 12h.  ",73231,73130,,,,,,46,declicc.msap@orange.fr,,04 79 56 22 66,98 route de la combe,Saint-Etienne-de-Cuines,Association Declicc Msap,6.290632,45.341538
0101000020E610000058AD4CF8A55E1940861E317A6EA34640,"""mardi, jeudi et vendredi 13h18h
Mercredi 9h30 18h
Samedi 9h30 12H - 13h 16h""
",73248,73300,,,,,,47,mediatheque@saintjeandemaurienne.fr,http://mediatheque.saintjeandemaurienne.fr/opacwebaloes/index.aspx?IdPage=1,04 79 05 20 20,Rue des écoles,Saint Jean de Maurienne,Médiathèque,6.34243,45.276809
0101000020E610000054FF209221271A40EA5E27F565A94640,,73257,73440,,,,,,49,saisonniers@lesbelleville.fr,http://emploi.lesbelleville.fr/,04 79 00 23 20,Galerie de l'Adret,Les Menuires,Espace saisonniers – Msap,6.538214,45.323424
0101000020E610000047AD307DAF511A40C2FC153257A64640,,73257,73440,,,,,,50,saisonniers@lesbelleville.fr,http://emploi.lesbelleville.fr/,04 79 00 22 11,Maison de Val Thorens,Val Thorens,Espace saisonniers – Msap,6.579771,45.299536
0101000020E61000005E64027E8DE41940B3B45373B99B4640,"
Lundi, mercredi, jeudi et vendredi : 9h-12h15 / 13h30 à 17h15
Mardi après -midi : 13h30 à 17h15
Mardi matin : fermé
",73261,73140,,,,,,51,,centre-social-mosaica.org,04 79 56 66 09,25 bis rue du Général Ferrié,Saint Michel de Maurienne,Mosaica – Centre socio-culturel,6.473196,45.216597
0101000020E61000003209B502009E18405FB4C70BE9C84640,"mercredi et vendredi de 16 h à 19 h, samedi de 10h à 19h
ACA : lundi au vendredi de 9 h à 17 h",73270,73250,,,,oui,oui,52,aca.jeunesse@free.fr,,04 79 71 78 72,rue Domenget,Saint Pierre d'Albigny,Point Information jeunesse - ACACS,6.15429691534,45.569612
0101000020E610000071AE6186C6A31B40B8B06EBC3BBC4640,HORAIRES D'ÉTÉ LUNDI : 9h - 12h / 13h30 - 18h MARDI :  9h - 12h / 14h - 19h MERCREDI : Fermé le matin / 13h30 - 18h JEUDI : 9h - 12h / 14h - 19h VENDREDI : 9h - 13h HORAIRES D'HIVER LUNDI : 9h - 12h / 14h - 19h MARDI : 9h - 12h / 14h - 19h MERCREDI : fermé le matin / 14h - 19h JEUDI : 9h - 12h / 14h - 19h VENDREDI : 9h – 15h,73296,73320,,,,,,53,espacesaisonniers@tignes.net,,04 79 40 09 89,Le Glattier - Espace Saisonniers,Tignes,Espace saisonnier – Msap,6.909937,45.470573
0101000020E6100000285131F95FAB1940CDD015F84CE04640,lundi au jeudi 8 h 30 / 12 h 00 - 13 h 30 / 18 h 00,73303,73400,,,,,,54,,http://www.ugine.com/services-a-la-population/adultesfamille/,04 79 89 70 29,12 avenue Perrier de La Bathie,Ugine,Centre socio-culturel d’Ugine,6.417358297,45.75234891
0101000020E610000031992A1895E41B40D4D7F335CBB94640,,73304,73150,,,,,,55,"contact@vievaldis.com
",http://www.vievaldis.com/valdisere/,04 79 06 84 78,"Maison de Val, Route de la Balme",Val d'Isère,Association Vie val d’Is,6.973225,45.451514
0101000020E6100000F92D3A596ABD1940FC5580EF36954640,Du Dimanche au Vendredi de 15h00 à 19h00,73306,73450,,,,,,56,,https://www.valloirecinemaetculture.com/,04 79 59 02 47,"Place Claude Pinoteau,
Avenue de la Vallée d'Or",Valloire,Association d’Education Populaire de Valloire,6.434976,45.165739
0101000020E6100000C18D942D92861640BC5AEECC04CD4640,Lundi :       8h30 - 12h30 Mercredi ,73236,73240,,,,, 8h30 - 12h30 / 13h30 - 17h Vendredi  : 8h30 - 12h,57,msap@ccvalguiers.fr,https://www.ccvalguiers.fr/maison-des-services-au-public-emploi/,04 76 31 51 88,"La Tissandière
Rue du Stade",Saint Genix sur Guiers,Msap Val Guiers,5.631417,45.601709
0101000020E6100000957EC2D9ADB51640C5758C2B2EC44640,,73204,73330,,,,,,58,msap@ccvalguiers.fr,https://www.ccvalguiers.fr/maison-des-services-au-public-emploi/,04 76 37 03 65,"Pépinière Pravaz
1 avenue du Baron de Crousaz",Le Pont de Beauvoisin,Msap Val Guiers,5.677421,45.532659
0101000020E6100000D34D62105819174086E8103812CC4640,Lundi : 9h - 12h 13h30 - 16h Mardi : 9h - 12h 13h30 - 16h Mercredi : 9h - 12h 13h30 - 16h Jeudi : 9h - 12h 13h30 - 16h Vendredi :9h - 12h 13h30 - 16h Samedi : 9h - 12h,73191,73470,,,,,,59,msap.novalaise@laposte.fr,,,Route du lac,Novalaise,Msap Novalaise (Poste),5.77475,45.594306
